comparison	type	chi2	df	p_value	p_adj_BH	ARI	min_expected	pct_expected_below_5	method
10 vs 100 genes (k=2)	gene count vs gene count	18.671306325595296	1	1.5530206112854054e-05	2.8671149746807487e-05	0.19635527827942867	5.404494382022472	0.0	hierarchical (Ward)
10 vs 1,000 genes (k=2)	gene count vs gene count	13.77931027317414	1	0.00020558790020399728	0.00030838185030599596	0.15617304219340009	5.404494382022472	0.0	hierarchical (Ward)
10 vs 5,000 genes (k=2)	gene count vs gene count	17.418029372928018	1	2.9996716143036225e-05	5.142294195949067e-05	0.197231382847315	6.235955056179775	0.0	hierarchical (Ward)
10 vs 10,000 genes (k=2)	gene count vs gene count	15.001772633984167	1	0.00010741023526117875	0.000171856376417886	0.1551905981618201	4.573033707865169	25.0	hierarchical (Ward)
100 vs 1,000 genes (k=2)	gene count vs gene count	53.427703545788326	1	2.6828662232299583e-13	6.438878935751899e-13	0.7698751133824473	1.898876404494382	25.0	hierarchical (Ward)
100 vs 5,000 genes (k=2)	gene count vs gene count	44.379912326293905	1	2.70447949924358e-11	5.40895899848716e-11	0.6761813547006447	2.191011235955056	25.0	hierarchical (Ward)
100 vs 10,000 genes (k=2)	gene count vs gene count	51.81296331030643	1	6.104741962995085e-13	1.3319437010171094e-12	0.7593867782000923	1.6067415730337078	25.0	hierarchical (Ward)
1,000 vs 5,000 genes (k=2)	gene count vs gene count	68.31596842287631	1	1.392884606813324e-16	4.775604366217111e-16	0.8868585456182976	2.191011235955056	25.0	hierarchical (Ward)
1,000 vs 10,000 genes (k=2)	gene count vs gene count	65.77299417013487	1	5.059680141716487e-16	1.517904042514946e-15	0.8768626453141648	1.6067415730337078	25.0	hierarchical (Ward)
5,000 vs 10,000 genes (k=2)	gene count vs gene count	55.33462719712721	1	1.0166183105323882e-13	2.7109821614197017e-13	0.7705176624046352	1.853932584269663	25.0	hierarchical (Ward)
k=2 vs k=3 (5,000 genes)	k vs k (nested, trivially significant)	89.0	2	4.719495271526122e-20	2.8316971629156734e-19	0.42251761182243236	2.5280898876404496	33.33333333333333	hierarchical (Ward)
k=2 vs k=4 (5,000 genes)	k vs k (nested, trivially significant)	88.99999999999999	3	3.5919528974829244e-19	1.7241373907918035e-18	0.4098840627649984	0.5056179775280899	50.0	hierarchical (Ward)
k=2 vs k=5 (5,000 genes)	k vs k (nested, trivially significant)	89.0	4	2.147370348544385e-18	8.58948139417754e-18	0.25460331844188555	0.5056179775280899	50.0	hierarchical (Ward)
k=3 vs k=4 (5,000 genes)	k vs k (nested, trivially significant)	178.0	6	9.021936107053622e-36	1.0826323328464347e-34	0.9808355648068019	0.5056179775280899	50.0	hierarchical (Ward)
k=3 vs k=5 (5,000 genes)	k vs k (nested, trivially significant)	178.0	8	2.707256465729861e-34	2.165805172583889e-33	0.7051789795018111	0.5056179775280899	53.333333333333336	hierarchical (Ward)
k=4 vs k=5 (5,000 genes)	k vs k (nested, trivially significant)	267.0	12	3.8579844621866555e-50	9.259162709247973e-49	0.7227770834988767	0.10112359550561797	70.0	hierarchical (Ward)
10 genes, k=2 vs diagnosis	clusters vs diagnosis	3.9924317750404708	3	0.2622825220491986	0.2622825220491986	0.004845699725865345	9.146067415730338	0.0	hierarchical (Ward)
100 genes, k=2 vs diagnosis	clusters vs diagnosis	11.711594469603623	3	0.008439334463884184	0.009644953673010496	0.018439158998912655	3.2134831460674156	50.0	hierarchical (Ward)
1,000 genes, k=2 vs diagnosis	clusters vs diagnosis	15.18149213486742	3	0.001667939724182976	0.002223919632243968	0.0257581710693433	3.2134831460674156	50.0	hierarchical (Ward)
5,000 genes, k=2 vs diagnosis	clusters vs diagnosis	17.92169639995727	3	0.0004565118069761428	0.0006444872569074957	0.03684531345243119	3.707865168539326	50.0	hierarchical (Ward)
10,000 genes, k=2 vs diagnosis	clusters vs diagnosis	12.389537669181939	3	0.00616120612084576	0.007393447345014912	0.016045396732217984	2.7191011235955056	50.0	hierarchical (Ward)
5,000 genes, k=3 vs diagnosis	clusters vs diagnosis	18.258891667338872	6	0.005616756436568551	0.007094850235665538	0.026172572011215905	3.707865168539326	33.33333333333333	hierarchical (Ward)
5,000 genes, k=4 vs diagnosis	clusters vs diagnosis	18.786559651528595	9	0.027070149049521895	0.029531071690387524	0.01578601607584501	0.7415730337078652	50.0	hierarchical (Ward)
5,000 genes, k=5 vs diagnosis	clusters vs diagnosis	19.875996612083565	12	0.06946835127446466	0.07248871437335443	0.012258521442994484	0.7415730337078652	60.0	hierarchical (Ward)
