refinebio_title	g5000_k2	g5000_k3	g5000_k4	g5000_k5	g10_k2	g100_k2	g1000_k2	g10000_k2
X1834_AnCg_C_SL31501	2	3	4	4	1	2	2	2
X1881_AnCg_B_SL7146	2	3	4	5	2	2	2	2
X2208_AnCg_M_SL7409	2	3	4	5	1	2	2	2
X2267_AnCg_M_SL7388	2	2	3	3	2	2	2	2
X2292_AnCg_C_SL6660	2	2	3	3	2	2	2	2
X2311_AnCg_B_SL7842	2	2	3	3	2	2	2	2
X2315_AnCg_M_SL31502	2	3	4	4	2	2	2	2
X2316_AnCg_C_SL7620	2	2	3	3	2	2	2	2
X2384_AnCg_S_SL6672	1	1	2	2	1	2	1	1
X2466_AnCg_B_SL6647	2	2	3	3	2	2	2	2
X2505_AnCg_S_SL6659	2	3	4	5	2	2	2	2
X2566_AnCg_B_SL31503	2	3	4	4	1	2	2	2
X2619_AnCg_C_SL7631	2	2	3	3	2	2	2	2
X2664_AnCg_C_SL7845	2	2	3	3	2	2	2	2
X2805_AnCg_C_SL6134	2	3	4	5	2	2	2	2
X2941_AnCg_S_SL6613	2	3	4	5	2	2	2	2
X2944_AnCg_M_SL6661	2	2	3	3	2	2	2	2
X2950_AnCg_S_SL7385	2	3	4	5	2	2	2	2
X2956_AnCg_S_SL7147	1	1	2	2	1	1	1	1
X2976_AnCg_S_SL7846	2	2	3	3	1	2	2	2
X3018_AnCg_C_SL6671	2	3	4	5	2	2	2	2
X3031_AnCg_M_SL31504	2	3	4	5	2	2	2	2
X3038_AnCg_B_SL7408	2	3	4	5	1	2	2	2
X3064_AnCg_M_SL6343	2	3	4	5	2	2	2	2
X3071_AnCg_M_SL7406	2	3	4	5	1	2	2	2
X3079_AnCg_B_SL5892	2	3	4	5	2	2	2	2
X3085_AnCg_B_SL7144	2	3	4	5	1	1	2	2
X3168_AnCg_M_SL5890	2	2	3	3	2	2	2	2
X3186_AnCg_C_SL6345	2	2	3	3	2	2	2	2
X3196_AnCg_C_SL32225	2	3	4	4	2	2	2	2
X3228_AnCg_C_SL7156	2	3	4	5	1	1	2	2
X3241_AnCg_B_SL6344	2	2	3	3	2	2	2	2
X3275_AnCg_C_SL7397	2	3	4	5	1	2	2	2
X3281_AnCg_C_SL5883	2	3	4	5	2	2	2	2
X3365_AnCg_M_SL6135	2	3	4	5	2	2	2	2
X3410_AnCg_S_SL7387	2	2	3	3	2	2	2	2
X3426_AnCg_M_SL7157	2	2	3	3	2	2	2	2
X3433_AnCg_C_SL6132	2	3	4	5	2	2	2	2
X3451_AnCg_B_SL7159	1	1	2	2	1	1	1	1
X3452_AnCg_B_SL6414	1	1	1	1	1	1	1	1
X3481_AnCg_M_SL6416	2	2	3	3	2	2	2	2
X3516_AnCg_C_SL32226	2	3	4	4	2	2	2	2
X3519_AnCg_C_SL32227	2	3	4	4	2	2	2	2
X3523_AnCg_C_SL7800	2	3	4	5	1	2	2	2
X3525_AnCg_S_SL6004	2	2	3	3	2	2	2	2
X3572_AnCg_C_SL6649	2	3	4	5	2	2	2	2
X3588_AnCg_C_SL32228	2	3	4	4	1	2	2	2
X3618_AnCg_B_SL32233	2	3	4	4	1	2	2	2
X3634_AnCg_M_SL32234	2	3	4	4	2	2	2	2
X3651_AnCg_S_SL7633	2	3	4	5	2	2	2	2
X3667_AnCg_M_SL6615	2	2	3	3	2	2	2	2
X3671_AnCg_M_SL5891	2	3	4	5	2	2	2	2
X3684_AnCg_S_SL7400	2	3	4	5	1	2	2	2
X3686_AnCg_C_SL7630	2	2	3	3	2	2	2	2
X3706_AnCg_C_SL7621	2	2	3	3	2	2	2	2
X3709_AnCg_M_SL7386	2	3	4	5	1	2	2	2
X3710_AnCg_M_SL6133	2	3	4	5	2	2	2	2
X3711_AnCg_B_SL6648	2	2	3	3	1	2	2	2
X3772_AnCg_B_SL7699	2	3	4	5	2	2	2	2
X3774_AnCg_C_SL7629	2	3	4	5	1	2	2	2
X3836_AnCg_M_SL6658	2	3	4	5	1	2	2	2
X3927_AnCg_B_SL7851	1	1	2	2	2	2	1	2
X3974_AnCg_M_SL7158	2	3	4	5	1	2	2	2
X3982_AnCg_M_SL32235	2	3	4	4	2	2	2	2
X3993_AnCg_S_SL6001	2	2	3	3	2	2	2	2
X3994_AnCg_M_SL7407	2	3	4	5	1	2	2	2
X4001_AnCg_M_SL6417	2	2	3	3	1	2	2	2
X4046_AnCg_M_SL7145	2	3	4	5	1	2	2	2
X4063_AnCg_C_SL6003	2	2	3	3	2	2	2	2
X4087_AnCg_B_SL7853	1	1	2	2	1	1	1	2
X4114_AnCg_S_SL6415	2	3	4	5	1	2	2	2
X4213_AnCg_S_SL32236	2	3	4	4	2	2	2	2
X4242_AnCg_B_SL7696	1	1	1	1	1	1	1	1
X4262_AnCg_B_SL6646	1	1	2	2	1	1	1	1
X4284_AnCg_S_SL32237	2	3	4	4	2	2	2	2
X4296_AnCg_S_SL32238	1	1	2	2	1	2	2	2
X4301_AnCg_S_SL32239	2	3	4	4	2	2	2	2
X4357_AnCg_S_SL7695	1	1	2	2	1	1	1	1
X4359_AnCg_B_SL6002	2	3	4	5	2	2	2	2
X4366_AnCg_B_SL32240	1	1	2	2	1	2	2	2
X4383_AnCg_B_SL32241	2	3	4	4	2	2	2	2
X4385_AnCg_S_SL6346	2	2	3	3	2	2	2	2
X4404_AnCg_S_SL7624	1	1	1	1	1	1	1	1
X4405_AnCg_B_SL7808	2	3	4	5	2	2	2	2
X4413_AnCg_S_SL7398	2	3	4	5	1	2	2	2
X4463_AnCg_S_SL6616	1	1	2	2	1	1	1	1
X4619_AnCg_S_SL6614	2	2	3	3	2	2	2	2
X4639_AnCg_B_SL7702	1	1	2	2	1	1	1	1
X4656_AnCg_S_SL6673	1	1	2	2	1	1	1	1
