refinebio_title	g5000_k2
X1834_AnCg_C_SL31501	1
X1834_DLPFC_C_SL6609	1
X1834_nAcc_C_SL6605	0
X1881_AnCg_B_SL7146	1
X1881_DLPFC_B_SL32229	1
X1881_nAcc_B_SL32261	0
X2208_AnCg_M_SL7409	1
X2208_DLPFC_M_SL6669	1
X2208_nAcc_M_SL6641	0
X2248_DLPFC_C_SL7393	1
X2267_AnCg_M_SL7388	1
X2267_DLPFC_M_SL7154	1
X2267_nAcc_M_SL32262	0
X2292_AnCg_C_SL6660	1
X2292_nAcc_C_SL6606	0
X2311_AnCg_B_SL7842	1
X2311_DLPFC_B_SL5885	1
X2311_nAcc_B_SL7379	0
X2315_AnCg_M_SL31502	1
X2315_DLPFC_M_SL6668	1
X2315_nAcc_M_SL7391	0
X2316_AnCg_C_SL7620	1
X2316_DLPFC_C_SL5999	1
X2316_nAcc_C_SL7623	0
X2353_DLPFC_S_SL6655	1
X2353_nAcc_S_SL31505	0
X2384_AnCg_S_SL6672	1
X2384_DLPFC_S_SL6654	1
X2384_nAcc_S_SL7843	0
X2466_AnCg_B_SL6647	1
X2466_DLPFC_B_SL6642	1
X2466_nAcc_B_SL6638	0
X2505_AnCg_S_SL6659	1
X2505_DLPFC_S_SL7844	1
X2566_AnCg_B_SL31503	1
X2566_DLPFC_B_SL7395	1
X2566_nAcc_B_SL7622	0
X2619_AnCg_C_SL7631	1
X2619_DLPFC_C_SL6000	1
X2619_nAcc_C_SL7627	0
X2664_AnCg_C_SL7845	1
X2664_DLPFC_C_SL7152	1
X2664_nAcc_C_SL31506	0
X2805_AnCg_C_SL6134	1
X2805_DLPFC_C_SL6340	1
X2805_nAcc_C_SL31507	0
X2941_AnCg_S_SL6613	1
X2941_DLPFC_S_SL6610	1
X2941_nAcc_S_SL7389	0
X2944_AnCg_M_SL6661	1
X2944_DLPFC_M_SL5998	1
X2950_AnCg_S_SL7385	1
X2950_DLPFC_S_SL5888	1
X2950_nAcc_S_SL7149	0
X2956_AnCg_S_SL7147	1
X2956_DLPFC_S_SL6667	1
X2956_nAcc_S_SL5884	0
X2976_AnCg_S_SL7846	1
X2976_DLPFC_S_SL7805	1
X2976_nAcc_S_SL31508	0
X3004_DLPFC_M_SL32230	1
X3004_nAcc_M_SL6126	0
X3018_AnCg_C_SL6671	1
X3018_DLPFC_C_SL7141	1
X3018_nAcc_C_SL32251	0
X3031_AnCg_M_SL31504	1
X3031_DLPFC_M_SL7155	1
X3031_nAcc_M_SL6639	0
X3038_AnCg_B_SL7408	1
X3038_DLPFC_B_SL7142	1
X3038_nAcc_B_SL6406	0
X3064_AnCg_M_SL6343	1
X3064_DLPFC_M_SL32231	1
X3071_AnCg_M_SL7406	1
X3071_nAcc_M_SL6335	0
X3079_AnCg_B_SL5892	1
X3079_DLPFC_B_SL32232	1
X3079_nAcc_B_SL7392	0
X3085_AnCg_B_SL7144	1
X3085_DLPFC_B_SL7847	1
X3085_nAcc_B_SL6665	0
X3168_AnCg_M_SL5890	1
X3168_DLPFC_M_SL5997	1
X3168_nAcc_M_SL6127	0
X3186_AnCg_C_SL6345	1
X3186_DLPFC_C_SL32242	1
X3186_nAcc_C_SL5881	0
X3196_AnCg_C_SL32225	1
X3196_DLPFC_C_SL32243	1
X3196_nAcc_C_SL7148	0
X3228_AnCg_C_SL7156	1
X3228_DLPFC_C_SL7804	1
X3228_nAcc_C_SL7138	0
X3241_AnCg_B_SL6344	1
X3241_DLPFC_B_SL6611	1
X3241_nAcc_B_SL7151	0
X3275_AnCg_C_SL7397	1
X3275_DLPFC_C_SL32244	1
X3275_nAcc_C_SL32252	0
X3281_AnCg_C_SL5883	1
X3281_DLPFC_C_SL7632	1
X3281_nAcc_C_SL6670	0
X3365_AnCg_M_SL6135	1
X3365_DLPFC_M_SL7698	1
X3365_nAcc_M_SL7136	0
X3410_AnCg_S_SL7387	1
X3410_DLPFC_S_SL7848	1
X3410_nAcc_S_SL6650	0
X3426_AnCg_M_SL7157	1
X3426_DLPFC_M_SL6341	1
X3426_nAcc_M_SL6337	0
X3433_AnCg_C_SL6132	1
X3433_DLPFC_C_SL7807	1
X3433_nAcc_C_SL32253	0
X3451_AnCg_B_SL7159	1
X3451_DLPFC_B_SL6131	1
X3451_nAcc_B_SL6664	0
X3452_AnCg_B_SL6414	1
X3452_DLPFC_B_SL7701	1
X3452_nAcc_B_SL6407	0
X3481_AnCg_M_SL6416	1
X3481_DLPFC_M_SL32245	1
X3481_nAcc_M_SL7694	0
X3516_AnCg_C_SL32226	1
X3516_DLPFC_C_SL6413	1
X3516_nAcc_C_SL32254	0
X3519_AnCg_C_SL32227	1
X3519_DLPFC_C_SL5886	1
X3519_nAcc_C_SL32255	0
X3523_AnCg_C_SL7800	1
X3523_DLPFC_C_SL6643	1
X3525_AnCg_S_SL6004	1
X3525_DLPFC_S_SL7803	1
X3525_nAcc_S_SL7612	0
X3572_AnCg_C_SL6649	1
X3572_DLPFC_C_SL6412	1
X3572_nAcc_C_SL5995	0
X3588_AnCg_C_SL32228	1
X3588_DLPFC_C_SL6129	1
X3588_nAcc_C_SL7849	0
X3618_AnCg_B_SL32233	1
X3618_DLPFC_B_SL8435	1
X3618_nAcc_B_SL6663	0
X3634_AnCg_M_SL32234	1
X3634_DLPFC_M_SL7806	1
X3634_nAcc_M_SL32256	0
X3651_AnCg_S_SL7633	1
X3651_DLPFC_S_SL7405	1
X3667_AnCg_M_SL6615	1
X3667_DLPFC_M_SL7801	1
X3667_nAcc_M_SL6408	0
X3671_AnCg_M_SL5891	1
X3671_DLPFC_M_SL32246	1
X3671_nAcc_M_SL6124	0
X3684_AnCg_S_SL7400	1
X3684_DLPFC_S_SL7140	1
X3684_nAcc_S_SL32263	0
X3686_AnCg_C_SL7630	1
X3686_DLPFC_C_SL6128	1
X3686_nAcc_C_SL5993	0
X3706_AnCg_C_SL7621	1
X3706_nAcc_C_SL7378	0
X3709_AnCg_M_SL7386	1
X3709_DLPFC_M_SL7404	1
X3709_nAcc_M_SL6662	0
X3710_AnCg_M_SL6133	1
X3710_DLPFC_M_SL32247	1
X3710_nAcc_M_SL32264	0
X3711_AnCg_B_SL6648	1
X3711_DLPFC_B_SL7618	1
X3711_nAcc_B_SL5882	0
X3755_nAcc_M_SL7137	0
X3772_AnCg_B_SL7699	1
X3772_DLPFC_B_SL7153	1
X3772_nAcc_B_SL6336	0
X3774_AnCg_C_SL7629	1
X3774_DLPFC_C_SL7625	1
X3774_nAcc_C_SL7380	0
X3836_AnCg_M_SL6658	1
X3836_DLPFC_M_SL7403	1
X3836_nAcc_M_SL7401	0
X3927_AnCg_B_SL7851	1
X3927_nAcc_B_SL32265	0
X3965_DLPFC_C_SL7383	1
X3965_nAcc_C_SL7150	0
X3974_AnCg_M_SL7158	1
X3974_DLPFC_M_SL6130	1
X3974_nAcc_M_SL6125	0
X3982_AnCg_M_SL32235	1
X3982_DLPFC_M_SL32248	1
X3982_nAcc_M_SL7852	0
X3993_AnCg_S_SL6001	1
X3993_DLPFC_S_SL7628	1
X3993_nAcc_S_SL7613	0
X3994_AnCg_M_SL7407	1
X3994_DLPFC_M_SL6666	1
X3994_nAcc_M_SL32266	0
X4001_AnCg_M_SL6417	1
X4001_DLPFC_M_SL6612	1
X4046_AnCg_M_SL7145	1
X4046_DLPFC_M_SL6645	1
X4046_nAcc_M_SL32267	0
X4063_AnCg_C_SL6003	1
X4063_DLPFC_C_SL32249	1
X4063_nAcc_C_SL7377	0
X4087_AnCg_B_SL7853	1
X4087_DLPFC_B_SL7382	1
X4087_nAcc_B_SL6338	0
X4114_AnCg_S_SL6415	1
X4114_DLPFC_S_SL7396	1
X4114_nAcc_S_SL32268	0
X4213_AnCg_S_SL32236	1
X4213_DLPFC_S_SL32250	1
X4213_nAcc_S_SL7139	0
X4242_AnCg_B_SL7696	0
X4242_DLPFC_B_SL7616	1
X4262_AnCg_B_SL6646	1
X4262_DLPFC_B_SL32257	1
X4262_nAcc_B_SL7700	0
X4284_AnCg_S_SL32237	1
X4284_nAcc_S_SL5996	0
X4296_AnCg_S_SL32238	1
X4296_DLPFC_S_SL6339	1
X4296_nAcc_S_SL7855	0
X4301_AnCg_S_SL32239	1
X4301_DLPFC_S_SL6410	1
X4301_nAcc_S_SL32269	0
X4345_DLPFC_B_SL7617	1
X4345_nAcc_B_SL6409	0
X4357_AnCg_S_SL7695	1
X4357_DLPFC_S_SL32258	1
X4357_nAcc_S_SL7856	0
X4359_AnCg_B_SL6002	1
X4359_DLPFC_B_SL32259	1
X4359_nAcc_B_SL6607	0
X4366_AnCg_B_SL32240	1
X4366_DLPFC_B_SL6411	1
X4366_nAcc_B_SL32270	0
X4383_AnCg_B_SL32241	1
X4383_DLPFC_B_SL5887	1
X4383_nAcc_B_SL7402	0
X4385_AnCg_S_SL6346	1
X4385_DLPFC_S_SL7394	1
X4404_AnCg_S_SL7624	0
X4404_DLPFC_S_SL7704	1
X4404_nAcc_S_SL7857	0
X4405_AnCg_B_SL7808	1
X4405_DLPFC_B_SL6342	1
X4405_nAcc_B_SL6640	0
X4413_AnCg_S_SL7398	1
X4413_DLPFC_S_SL32260	1
X4413_nAcc_S_SL7858	0
X4419_DLPFC_B_SL6644	1
X4419_nAcc_B_SL32271	0
X4463_AnCg_S_SL6616	1
X4463_DLPFC_S_SL7802	1
X4463_nAcc_S_SL7390	0
X4619_AnCg_S_SL6614	1
X4619_DLPFC_S_SL6657	1
X4619_nAcc_S_SL32272	0
X4639_AnCg_B_SL7702	1
X4639_DLPFC_B_SL7697	1
X4639_nAcc_B_SL32273	0
X4656_AnCg_S_SL6673	1
X4656_DLPFC_S_SL7143	1
X4656_nAcc_S_SL6608	0
