native,name,p_value,intersection_size,query_size,term_size,intersections,evidences
GO:0023056,positive regulation of signaling,0.009218333197754792,28,134,1779,"['CFLAR', 'ABCC8', 'RB1CC1', 'ROCK1', 'NEDD4', 'NDFIP2', 'FLT1', 'ENG', 'SHOC2', 'VWF', 'CCDC88A', 'FN1', 'AAK1', 'STK11', 'TSHZ3', 'ANO1', 'EPHB2', 'SIRT3', 'IRAK1BP1', 'MBIP', 'PRKCA', 'KIT', 'GPR37', 'P2RY6', 'SYT12', 'MTURN', 'SRARP', 'HLA-DRB1']","[['IEP', 'IEA'], ['IEA'], ['IEA'], ['IMP'], ['IMP'], ['HMP'], ['IDA', 'IMP', 'IBA'], ['IDA', 'IMP', 'IGI'], ['IMP', 'IBA'], ['IDA'], ['IDA', 'ISS'], ['IDA'], ['IDA'], ['IMP', 'IEA'], ['ISS'], ['IMP', 'IGI'], ['ISS', 'IEA'], ['IEA'], ['IEA'], ['IDA'], ['IDA', 'IMP', 'ISS', 'TAS'], ['IMP', 'IBA', 'TAS', 'IEA'], ['IDA', 'IBA', 'IEA'], ['IDA'], ['IEA'], ['IMP'], ['IMP', 'IBA'], ['IDA', 'IMP']]"
GO:0010647,positive regulation of cell communication,0.009218333197754792,28,134,1778,"['CFLAR', 'ABCC8', 'RB1CC1', 'ROCK1', 'NEDD4', 'NDFIP2', 'FLT1', 'ENG', 'SHOC2', 'VWF', 'CCDC88A', 'FN1', 'AAK1', 'STK11', 'TSHZ3', 'ANO1', 'EPHB2', 'SIRT3', 'IRAK1BP1', 'MBIP', 'PRKCA', 'KIT', 'GPR37', 'P2RY6', 'SYT12', 'MTURN', 'SRARP', 'HLA-DRB1']","[['IEP', 'IEA'], ['IEA'], ['IEA'], ['IMP'], ['IMP'], ['HMP'], ['IDA', 'IMP', 'IBA'], ['IDA', 'IMP', 'IGI'], ['IMP', 'IBA'], ['IDA'], ['IDA', 'ISS'], ['IDA'], ['IDA'], ['IMP', 'IEA'], ['ISS'], ['IMP', 'IGI'], ['ISS', 'IEA'], ['IEA'], ['IEA'], ['IDA'], ['IDA', 'IMP', 'ISS', 'TAS'], ['IMP', 'IBA', 'TAS', 'IEA'], ['IDA', 'IBA', 'IEA'], ['IDA'], ['IEA'], ['IMP'], ['IMP', 'IBA'], ['IDA', 'IMP']]"
GO:0043408,regulation of MAPK cascade,0.0136862532598372,15,134,638,"['CFLAR', 'RB1CC1', 'ROCK1', 'FLT1', 'SHOC2', 'FN1', 'EPHB2', 'SIRT3', 'MBIP', 'PRKCA', 'KIT', 'GPR37', 'P2RY6', 'MTURN', 'HLA-DRB1']","[['IEA'], ['IEA'], ['IMP'], ['IDA', 'IBA'], ['IDA'], ['IDA'], ['ISS', 'IEA'], ['IEA'], ['IDA'], ['ISS'], ['IMP'], ['IDA', 'IBA', 'IEA'], ['IDA'], ['IMP'], ['IDA']]"
GO:0005737,cytoplasm,0.014885034545184002,106,145,12601,"['CFLAR', 'TFPI', 'ABCC8', 'RB1CC1', 'PLEKHA5', 'PPP1R12A', 'ROCK1', 'NEDD4', 'NOTCH3', 'ZNF638', 'RGS11', 'PDS5B', 'MYH9', 'TNRC6B', 'ANKRD12', 'NDFIP2', 'FLT1', 'BLOC1S6', 'SLC17A7', 'DMPK', 'TASOR2', 'SHOC2', 'VWF', 'TNS2', 'FRK', 'MDN1', 'NKTR', 'CCDC88A', 'FN1', 'AAK1', 'CNN3', 'STK11', 'SLIRP', 'CCDC18', 'CYREN', 'ATP7B', 'ATP5F1E', 'MCEE', 'CCNT1', 'THEMIS2', 'COQ3', 'RIDA', 'MPRIP', 'IRS4', 'RNF128', 'EPHB2', 'TGFBRAP1', 'RSAD1', 'RALGPS1', 'NCBP1', 'CHST4', 'ZCCHC2', 'SIRT3', 'SLC22A14', 'PAM', 'TRIM7', 'IRAK1BP1', 'GINS4', 'TMEM86A', 'MBIP', 'PRKCA', 'ATP5MC3', 'RBM45', 'KIT', 'SNX22', 'TENT5B', 'MITD1', 'VMA21', 'ZNF148', 'APEH', 'RNF180', 'EML5', 'RBPMS2', 'VPS39', 'RNF187', 'REEP4', 'IL13', 'CKAP2L', 'CTNND2', 'RNF150', 'GPR37', 'PGAM1', 'CERS6', 'SYT12', 'NLRP13', 'GCSAM', 'RPL15', 'CHST1', 'PUS1', 'MTURN', 'CIMAP1D', 'GALNT9', 'GBP6', 'LRIT3', 'SRARP', 'KRT76', 'C6orf120', 'AKAP14', 'HEPACAM2', 'HLA-DRB1', 'CTSE', 'H2BC26', 'PDLIM7', 'ETFRF1', 'NBPF1', 'NBPF9']","[['IDA', 'IBA', 'TAS'], ['IEA'], ['IEA'], ['IDA', 'IPI', 'ISS', 'IBA', 'TAS', 'IEA'], ['IDA', 'IBA', 'IEA'], ['IDA', 'ISS', 'IBA', 'TAS', 'IEA'], ['ISS', 'IBA', 'TAS', 'IEA'], ['IDA', 'ISS', 'IBA', 'TAS', 'IEA'], ['TAS', 'IEA'], ['TAS'], ['IBA'], ['TAS'], ['IDA', 'ISS', 'IBA', 'TAS', 'IEA'], ['IBA', 'TAS', 'IEA'], ['IDA'], ['IDA', 'IBA', 'IEA'], ['IDA', 'IEA'], ['IDA', 'IBA', 'TAS', 'IEA'], ['ISS', 'IBA', 'TAS', 'IEA'], ['IDA', 'ISS', 'TAS', 'IEA'], ['IDA'], ['IDA', 'IBA', 'TAS', 'NAS', 'IEA'], ['IDA', 'TAS', 'NAS'], ['IEA'], ['IDA', 'TAS', 'IEA'], ['IDA', 'IEA'], ['IBA'], ['IDA', 'IBA', 'IEA'], ['IDA', 'TAS'], ['IDA', 'ISS', 'TAS'], ['IDA'], ['IDA', 'ISS', 'IBA', 'TAS', 'IEA'], ['IDA', 'HTP', 'HDA', 'TAS', 'IEA'], ['IEA'], ['IDA', 'IBA', 'IEA'], ['IDA', 'HTP', 'TAS', 'IEA'], ['HTP', 'IBA', 'TAS', 'NAS', 'IC', 'IEA'], ['HTP', 'TAS', 'IEA'], ['IDA'], ['IBA', 'IEA'], ['IDA', 'HTP', 'IBA', 'TAS', 'IEA'], ['IDA', 'HTP', 'ISS', 'IBA', 'TAS', 'IEA'], ['IDA', 'IEA'], ['IBA'], ['IBA', 'TAS', 'IEA'], ['TAS'], ['IDA', 'IBA', 'NAS', 'IEA'], ['HTP', 'IBA', 'IEA'], ['IEA'], ['IDA', 'TAS', 'NAS', 'IEA'], ['IDA', 'IBA', 'TAS', 'NAS', 'IEA'], ['IDA'], ['IDA', 'IMP', 'HTP', 'TAS', 'IEA'], ['IDA', 'IEA'], ['ISS', 'IEA'], ['IDA', 'IBA', 'IEA'], ['IEA'], ['IEA'], ['ISS', 'IEA'], ['IDA', 'IBA', 'IEA'], ['IDA', 'HDA', 'ISS', 'TAS', 'IEA'], ['HTP', 'TAS', 'NAS', 'IEA'], ['IDA', 'IEA'], ['IEA'], ['IEA'], ['IDA', 'IEA'], ['IEA'], ['IDA', 'IBA', 'IEA'], ['IDA'], ['IDA', 'TAS', 'IEA'], ['IBA', 'IEA'], ['IEA'], ['IDA', 'IBA', 'IEA'], ['IDA', 'HDA', 'IBA', 'TAS', 'IEA'], ['IDA', 'IEA'], ['IDA', 'IBA', 'IEA'], ['IEA'], ['IDA', 'IBA', 'IEA'], ['IBA', 'TAS'], ['IBA'], ['IDA', 'IEA'], ['IDA', 'TAS'], ['TAS', 'IEA'], ['IBA', 'IEA'], ['IBA'], ['IEA'], ['IDA', 'IPI', 'HDA', 'IBA', 'TAS', 'NAS', 'IEA'], ['TAS', 'IEA'], ['IDA', 'HTP', 'TAS', 'IEA'], ['IDA', 'IBA', 'IEA'], ['IDA', 'IBA'], ['IBA', 'TAS', 'IEA'], ['IBA', 'IEA'], ['IEA'], ['IDA', 'IBA'], ['TAS', 'IEA'], ['TAS'], ['IDA', 'IEA'], ['IDA', 'IBA', 'IEA'], ['IDA', 'IBA', 'TAS', 'IEA'], ['IDA', 'IBA', 'IEA'], ['IDA'], ['IBA', 'TAS', 'IEA'], ['IDA', 'HTP', 'IBA', 'IEA'], ['IEA'], ['IEA']]"
GO:1902533,positive regulation of intracellular signal transduction,0.017703688994600203,20,134,1108,"['CFLAR', 'RB1CC1', 'ROCK1', 'NEDD4', 'NDFIP2', 'FLT1', 'ENG', 'SHOC2', 'VWF', 'CCDC88A', 'FN1', 'IRAK1BP1', 'MBIP', 'PRKCA', 'KIT', 'GPR37', 'P2RY6', 'MTURN', 'SRARP', 'HLA-DRB1']","[['IEP', 'IEA'], ['IEA'], ['IMP'], ['IMP'], ['HMP'], ['IDA', 'IMP', 'IBA'], ['IDA', 'IMP', 'IGI'], ['IMP', 'IBA'], ['IDA'], ['ISS'], ['IDA'], ['IEA'], ['IDA'], ['ISS'], ['IMP', 'TAS'], ['IDA', 'IBA', 'IEA'], ['IDA'], ['IMP'], ['IMP', 'IBA'], ['IDA']]"
GO:0043434,response to peptide hormone,0.018062639110149114,12,134,457,"['CFLAR', 'ABCC8', 'ROCK1', 'FLT1', 'SHOC2', 'TNS2', 'ACVR1C', 'IRS4', 'EPHB2', 'PRKCA', 'KIT', 'FOXC2']","[['IEA'], ['IEA'], ['IMP', 'ISS', 'IEA'], ['IEA'], ['IEA'], ['IDA', 'IBA'], ['IEA'], ['IBA', 'IEA'], ['IEA'], ['IDA'], ['IEA'], ['IDA']]"
GO:0071495,cellular response to endogenous stimulus,0.018062639110149114,21,134,1238,"['CFLAR', 'TFPI', 'ROCK1', 'NEDD4', 'FLT1', 'BLOC1S6', 'ENG', 'SHOC2', 'TNS2', 'STK11', 'ACVR1C', 'IRS4', 'EPHB2', 'TGFBRAP1', 'PRKCA', 'KIT', 'RBPMS2', 'P2RY6', 'FOXC2', 'LRIT3', 'SRARP']","[['IEA'], ['IEP'], ['IMP'], ['IDA', 'ISS'], ['IDA', 'IEA'], ['IEA'], ['IDA', 'TAS'], ['NAS', 'IEA'], ['IDA', 'IBA'], ['IMP', 'IEA'], ['IBA', 'IEA'], ['IBA', 'IEA'], ['IEA'], ['TAS'], ['IDA'], ['IEA'], ['ISS'], ['IEA'], ['IDA'], ['IDA'], ['IMP', 'IBA']]"
GO:0005515,protein binding,0.01920311242697957,124,140,15082,"['CFLAR', 'ABCC8', 'RB1CC1', 'BOD1L1', 'PLEKHA5', 'PPP1R12A', 'SPEN', 'ROCK1', 'NEDD4', 'KDM5A', 'NOTCH3', 'RGS11', 'PLXNA2', 'PDS5B', 'MYH9', 'TNRC6B', 'PNN', 'ANKRD12', 'NDFIP2', 'FLT1', 'BLOC1S6', 'DMPK', 'ENG', 'ANKRD26', 'TASOR2', 'SHOC2', 'LUC7L3', 'VWF', 'TNS2', 'FRK', 'MDN1', 'CCDC88A', 'FN1', 'AAK1', 'SRSF11', 'CNN3', 'STK11', 'SLIRP', 'TSHZ3', 'CYREN', 'ATP7B', 'ACVR1C', 'ATP5F1E', 'MCEE', 'OMG', 'GNG13', 'ZNF835', 'CCNT1', 'RBBP8NL', 'THEMIS2', 'ZNF331', 'ANO1', 'DCAF15', 'COQ3', 'JCHAIN', 'RIDA', 'MPRIP', 'IRS4', 'RNF128', 'EPHB2', 'TGFBRAP1', 'RALGPS1', 'NCBP1', 'AMIGO2', 'HMG20A', 'MED9', 'SIRT3', 'SLC22A14', 'PAM', 'TRIM7', 'IRAK1BP1', 'GINS4', 'ADGRL3', 'TMEM86A', 'MBIP', 'PRKCA', 'ATP5MC3', 'RBM45', 'SLC6A1', 'KIT', 'SNX22', 'TENT5B', 'MITD1', 'VMA21', 'ZNF148', 'APEH', 'RNF180', 'EML5', 'RBPMS2', 'VPS39', 'RNF187', 'REEP4', 'IL13', 'CXCL10', 'CTNND2', 'RNF150', 'GPR37', 'PGAM1', 'P2RY6', 'CERS6', 'SYT12', 'NLRP13', 'GCSAM', 'RPL15', 'CHST1', 'FOXC2', 'MTURN', 'CIMAP1D', 'GBP6', 'LRIT3', 'SRARP', 'KRT76', 'C6orf120', 'AKAP14', 'HEPACAM2', 'SLC15A5', 'HLA-DRB1', 'CTSE', 'H2BC26', 'PDLIM7', 'ZNF772', 'BPIFA1', 'ETFRF1', 'NBPF1']","[['IPI', 'IEA'], ['IPI'], ['IDA', 'IPI', 'IBA', 'IEA'], ['IPI'], ['IPI', 'IEA'], ['IDA', 'IPI', 'IEA'], ['IPI'], ['IPI', 'NAS', 'IEA'], ['IDA', 'IPI', 'IMP', 'ISS', 'IEA'], ['IDA', 'IPI'], ['IPI', 'HDA', 'IEA'], ['IPI'], ['IPI', 'IEA'], ['IPI'], ['IDA', 'IPI', 'HDA', 'IBA', 'NAS', 'IEA'], ['IPI'], ['IPI'], ['IEA'], ['IPI'], ['IPI', 'IBA'], ['IDA', 'IPI', 'TAS'], ['IPI'], ['IPI', 'ISS', 'IEA'], ['IPI', 'IEA'], ['IPI'], ['IDA', 'IPI', 'IEA'], ['IPI'], ['IDA', 'IPI', 'IEA'], ['IPI', 'IEA'], ['IPI', 'IBA', 'IEA'], ['IPI'], ['IDA', 'IPI', 'ISS', 'IBA', 'IEA'], ['IDA', 'IPI', 'IMP', 'IBA', 'IEA'], ['IDA', 'IPI'], ['IPI'], ['HDA', 'IBA', 'IEA'], ['IDA', 'IPI', 'IEA'], ['IPI'], ['IPI'], ['IPI'], ['IPI'], ['IPI', 'IMP'], ['IPI'], ['IPI'], ['IEA'], ['IPI', 'IBA', 'IEA'], ['IPI'], ['IPI', 'IEA'], ['IPI'], ['IPI'], ['IPI'], ['IPI', 'ISS', 'IEA'], ['IPI'], ['IPI'], ['IDA', 'IMP', 'IBA', 'IEA'], ['IPI'], ['IPI', 'HDA', 'IBA', 'IEA'], ['IPI', 'IBA', 'IEA'], ['IPI'], ['IDA', 'IPI', 'IEA'], ['IDA', 'IPI'], ['IPI'], ['IPI', 'IEA'], ['IPI', 'IEA'], ['IPI'], ['IPI'], ['IPI', 'IEA'], ['IPI'], ['IPI', 'IEA'], ['IPI', 'IEA'], ['IPI'], ['IPI'], ['IPI'], ['IPI'], ['IPI'], ['IPI', 'ISS'], ['IPI'], ['IPI'], ['IPI'], ['IDA', 'IPI', 'IBA', 'IEA'], ['IPI'], ['IPI'], ['IPI'], ['IPI'], ['IPI'], ['IPI'], ['IPI', 'IBA', 'IEA'], ['IBA', 'IEA'], ['IPI', 'IEA'], ['IPI', 'IEA'], ['IPI'], ['IPI', 'ISS', 'IBA'], ['IPI', 'IBA', 'IEA'], ['IDA', 'IPI', 'IBA', 'TAS', 'IEA'], ['IPI', 'IBA', 'IEA'], ['IPI'], ['IPI', 'IEA'], ['IPI'], ['IPI'], ['IPI'], ['IBA'], ['IEA'], ['IPI'], ['IPI', 'HDA'], ['IPI'], ['IPI'], ['IPI'], ['IPI'], ['IPI'], ['IEA'], ['IPI', 'IBA'], ['IPI'], ['IPI'], ['IPI', 'IBA'], ['IPI'], ['IPI'], ['IDA', 'IPI'], ['IEA'], ['IEA'], ['IPI', 'IBA', 'IEA'], ['IPI'], ['IPI'], ['IPI'], ['IPI']]"
GO:0009967,positive regulation of signal transduction,0.029752646014903916,23,134,1569,"['CFLAR', 'RB1CC1', 'ROCK1', 'NEDD4', 'NDFIP2', 'FLT1', 'ENG', 'SHOC2', 'VWF', 'CCDC88A', 'FN1', 'AAK1', 'STK11', 'EPHB2', 'IRAK1BP1', 'MBIP', 'PRKCA', 'KIT', 'GPR37', 'P2RY6', 'MTURN', 'SRARP', 'HLA-DRB1']","[['IEP', 'IEA'], ['IEA'], ['IMP'], ['IMP'], ['HMP'], ['IDA', 'IMP', 'IBA'], ['IDA', 'IMP', 'IGI'], ['IMP', 'IBA'], ['IDA'], ['IDA', 'ISS'], ['IDA'], ['IDA'], ['IMP', 'IEA'], ['ISS'], ['IEA'], ['IDA'], ['IDA', 'IMP', 'ISS'], ['IMP', 'IBA', 'TAS', 'IEA'], ['IDA', 'IBA', 'IEA'], ['IDA'], ['IMP'], ['IMP', 'IBA'], ['IDA']]"
GO:0032870,cellular response to hormone stimulus,0.029752646014903916,14,134,677,"['CFLAR', 'TFPI', 'ROCK1', 'NEDD4', 'FLT1', 'SHOC2', 'TNS2', 'IRS4', 'EPHB2', 'PRKCA', 'KIT', 'P2RY6', 'FOXC2', 'SRARP']","[['IEA'], ['IEP'], ['IMP'], ['IDA'], ['IEA'], ['IEA'], ['IDA', 'IBA'], ['IBA', 'IEA'], ['IEA'], ['IDA'], ['IEA'], ['IEA'], ['IDA'], ['IMP', 'IBA']]"
GO:0071375,cellular response to peptide hormone stimulus,0.029752646014903916,10,134,351,"['CFLAR', 'ROCK1', 'FLT1', 'SHOC2', 'TNS2', 'IRS4', 'EPHB2', 'PRKCA', 'KIT', 'FOXC2']","[['IEA'], ['IMP'], ['IEA'], ['IEA'], ['IDA', 'IBA'], ['IBA', 'IEA'], ['IEA'], ['IDA'], ['IEA'], ['IDA']]"
GO:0043410,positive regulation of MAPK cascade,0.029752646014903916,11,134,450,"['CFLAR', 'RB1CC1', 'ROCK1', 'FLT1', 'MBIP', 'PRKCA', 'KIT', 'GPR37', 'P2RY6', 'MTURN', 'HLA-DRB1']","[['IEA'], ['IEA'], ['IMP'], ['IDA', 'IBA'], ['IDA'], ['ISS'], ['IMP'], ['IDA', 'IBA', 'IEA'], ['IDA'], ['IMP'], ['IDA']]"
GO:0042127,regulation of cell population proliferation,0.029752646014903916,24,134,1639,"['CFLAR', 'ABCC8', 'RB1CC1', 'NOTCH3', 'PDS5B', 'FLT1', 'ENG', 'SHOC2', 'TNS2', 'CCDC88A', 'FN1', 'STK11', 'ACVR1C', 'HOXD13', 'EPHB2', 'PRKCA', 'KIT', 'TENT5B', 'RBPMS2', 'RNF187', 'IL13', 'CXCL10', 'P2RY6', 'HLA-DRB1']","[['ISS', 'IEA'], ['IEA'], ['IDA', 'IEA'], ['IEA'], ['IDA'], ['IGI', 'IBA', 'TAS', 'IEA'], ['IMP', 'TAS'], ['IEA'], ['IMP'], ['ISS'], ['IDA'], ['IMP', 'IEA'], ['IMP'], ['IEA'], ['IMP'], ['IMP'], ['IBA', 'TAS', 'IEA'], ['IMP'], ['ISS'], ['ISS'], ['IEA'], ['IDA', 'TAS', 'IEA'], ['IMP'], ['IMP']]"
GO:0007166,cell surface receptor signaling pathway,0.029752646014903916,34,134,2834,"['CFLAR', 'RB1CC1', 'SPEN', 'NEDD4', 'NOTCH3', 'PLXNA2', 'MYH9', 'FLT1', 'DMPK', 'ENG', 'SHOC2', 'TNS2', 'FRK', 'CCDC88A', 'FN1', 'AAK1', 'STK11', 'ACVR1C', 'THEMIS2', 'IRS4', 'EPHB2', 'TGFBRAP1', 'ADGRL3', 'PRKCA', 'KIT', 'RBPMS2', 'IL13', 'CXCL10', 'CTNND2', 'P2RY6', 'GCSAM', 'FOXC2', 'LRIT3', 'HLA-DRB1']","[['IDA', 'IMP', 'IBA'], ['IEA'], ['IEA'], ['ISS'], ['IBA', 'IEA'], ['ISS', 'IBA', 'IEA'], ['NAS'], ['IDA', 'IMP', 'IBA', 'TAS', 'IEA'], ['IEA'], ['IDA', 'IMP', 'TAS'], ['NAS', 'IEA'], ['IDA', 'IBA'], ['IBA'], ['IDA'], ['IDA'], ['IDA'], ['IMP', 'IBA', 'IEA'], ['IMP', 'IBA', 'IEA'], ['IBA', 'IEA'], ['IBA', 'IEA'], ['ISS', 'IBA', 'IEA'], ['TAS'], ['IEA'], ['IMP'], ['IDA', 'IMP', 'ISS', 'IBA', 'IEA'], ['ISS'], ['IDA'], ['IMP', 'IBA', 'TAS'], ['IMP', 'IEA'], ['IEA'], ['IMP', 'IBA', 'IEA'], ['IDA', 'IEA'], ['IDA'], ['IDA']]"
GO:0009719,response to endogenous stimulus,0.029752646014903916,22,134,1467,"['CFLAR', 'TFPI', 'ABCC8', 'ROCK1', 'NEDD4', 'FLT1', 'BLOC1S6', 'ENG', 'SHOC2', 'TNS2', 'STK11', 'ACVR1C', 'IRS4', 'EPHB2', 'TGFBRAP1', 'PRKCA', 'KIT', 'RBPMS2', 'P2RY6', 'FOXC2', 'LRIT3', 'SRARP']","[['IEA'], ['IEP'], ['IEA'], ['IMP', 'ISS', 'IEA'], ['IDA', 'ISS'], ['IDA', 'IEA'], ['IEA'], ['IDA', 'TAS'], ['NAS', 'IEA'], ['IDA', 'IBA'], ['IMP', 'IEA'], ['IBA', 'IEA'], ['IBA', 'IEA'], ['IEA'], ['TAS'], ['IDA'], ['IEA'], ['ISS'], ['IEA'], ['IDA'], ['IDA'], ['IMP', 'IBA']]"
GO:0032868,response to insulin,0.029752646014903916,9,134,308,"['CFLAR', 'ABCC8', 'FLT1', 'TNS2', 'ACVR1C', 'IRS4', 'EPHB2', 'KIT', 'FOXC2']","[['IEA'], ['IEA'], ['IEA'], ['IDA', 'IBA'], ['IEA'], ['IBA', 'IEA'], ['IEA'], ['IEA'], ['IDA']]"
GO:0000165,MAPK cascade,0.029752646014903916,15,134,749,"['CFLAR', 'RB1CC1', 'ROCK1', 'FLT1', 'SHOC2', 'FN1', 'EPHB2', 'SIRT3', 'MBIP', 'PRKCA', 'KIT', 'GPR37', 'P2RY6', 'MTURN', 'HLA-DRB1']","[['IEA'], ['IEA'], ['IMP'], ['IDA', 'IBA'], ['IDA'], ['IDA'], ['ISS', 'IEA'], ['IEA'], ['IDA'], ['ISS'], ['IMP'], ['IDA', 'IBA', 'IEA'], ['IDA'], ['IMP'], ['IDA']]"
GO:1901740,negative regulation of myoblast fusion,0.029752646014903916,2,134,3,"['CFLAR', 'CXCL10']","[['ISS'], ['IEA']]"
GO:0070848,response to growth factor,0.03188335241173174,14,134,734,"['CFLAR', 'ROCK1', 'NEDD4', 'FLT1', 'BLOC1S6', 'ENG', 'SHOC2', 'STK11', 'ACVR1C', 'EPHB2', 'TGFBRAP1', 'KIT', 'RBPMS2', 'LRIT3']","[['IEA'], ['ISS', 'IEA'], ['ISS'], ['IDA', 'IEA'], ['IEA'], ['IDA', 'TAS'], ['NAS', 'IEA'], ['IMP', 'IEA'], ['IBA', 'IEA'], ['IEA'], ['TAS'], ['IEA'], ['ISS'], ['IDA']]"
GO:0034242,negative regulation of syncytium formation by plasma membrane fusion,0.03188335241173174,2,134,4,"['CFLAR', 'CXCL10']","[['ISS'], ['IEA']]"
GO:0009725,response to hormone,0.03188335241173174,16,134,904,"['CFLAR', 'TFPI', 'ABCC8', 'ROCK1', 'NEDD4', 'FLT1', 'SHOC2', 'TNS2', 'ACVR1C', 'IRS4', 'EPHB2', 'PRKCA', 'KIT', 'P2RY6', 'FOXC2', 'SRARP']","[['IEA'], ['IEP'], ['IEA'], ['IMP', 'ISS', 'IEA'], ['IDA'], ['IEA'], ['IEA'], ['IDA', 'IBA'], ['IEA'], ['IBA', 'IEA'], ['IEA'], ['IDA'], ['IEA'], ['IEA'], ['IDA'], ['IMP', 'IBA']]"
GO:0008283,cell population proliferation,0.03188335241173174,26,134,1961,"['CFLAR', 'ABCC8', 'RB1CC1', 'NOTCH3', 'PDS5B', 'FLT1', 'ENG', 'SHOC2', 'TNS2', 'CCDC88A', 'FN1', 'STK11', 'ACVR1C', 'HOXD13', 'EPHB2', 'GINS4', 'PRKCA', 'KIT', 'TENT5B', 'RBPMS2', 'RNF187', 'IL13', 'CXCL10', 'P2RY6', 'FOXC2', 'HLA-DRB1']","[['ISS', 'IEA'], ['IEA'], ['IDA', 'IEA'], ['IEA'], ['IDA', 'TAS'], ['IGI', 'IBA', 'TAS', 'IEA'], ['IMP', 'TAS'], ['IEA'], ['IMP'], ['ISS'], ['IDA'], ['IMP', 'IEA'], ['IDA', 'IMP'], ['IEA'], ['IMP'], ['IEA'], ['IMP'], ['IBA', 'TAS', 'IEA'], ['IMP'], ['ISS'], ['ISS'], ['IEA'], ['IDA', 'TAS', 'IEA'], ['IMP'], ['IEA'], ['IMP']]"
GO:0051897,positive regulation of phosphatidylinositol 3-kinase/protein kinase B signal transduction,0.03188335241173174,7,134,192,"['NEDD4', 'FLT1', 'ENG', 'CCDC88A', 'FN1', 'PRKCA', 'KIT']","[['IMP'], ['IMP'], ['IGI'], ['ISS'], ['IDA'], ['ISS'], ['TAS']]"
GO:0032024,positive regulation of insulin secretion,0.03188335241173174,5,134,88,"['ABCC8', 'ANO1', 'SIRT3', 'PRKCA', 'HLA-DRB1']","[['IEA'], ['IMP', 'IGI'], ['IEA'], ['TAS'], ['IMP']]"
GO:0110061,regulation of angiotensin-activated signaling pathway,0.03188335241173174,2,134,4,"['ROCK1', 'PRKCA']","[['IMP'], ['IDA']]"
GO:0051896,regulation of phosphatidylinositol 3-kinase/protein kinase B signal transduction,0.039367354993311704,8,134,268,"['NEDD4', 'FLT1', 'ENG', 'CCDC88A', 'FN1', 'STK11', 'PRKCA', 'KIT']","[['IMP'], ['IMP'], ['IGI'], ['ISS'], ['IDA'], ['IEA'], ['ISS'], ['TAS']]"
GO:0001944,vasculature development,0.03963155419439608,14,134,758,"['CFLAR', 'ABCC8', 'ROCK1', 'NOTCH3', 'MYH9', 'FLT1', 'ENG', 'FN1', 'STK11', 'EPHB2', 'PRKCA', 'KIT', 'CXCL10', 'FOXC2']","[['IEA'], ['IEA'], ['IMP'], ['IEA'], ['IDA'], ['IMP', 'ISS', 'IBA', 'IEA'], ['IMP', 'ISS', 'IBA', 'IEA'], ['IEA'], ['ISS', 'IEA'], ['ISS', 'IEA'], ['IMP', 'IEA'], ['IDA'], ['IDA', 'IEA'], ['IMP', 'ISS', 'IEA']]"
GO:1905065,positive regulation of vascular associated smooth muscle cell differentiation,0.03963155419439608,2,134,5,"['ENG', 'KIT']","[['ISS', 'IEA'], ['IDA']]"
GO:0070372,regulation of ERK1 and ERK2 cascade,0.03963155419439608,8,134,276,"['CFLAR', 'FN1', 'EPHB2', 'SIRT3', 'PRKCA', 'P2RY6', 'MTURN', 'HLA-DRB1']","[['IEA'], ['IDA'], ['ISS', 'IEA'], ['IEA'], ['ISS'], ['IDA'], ['IMP'], ['IDA']]"
GO:0050714,positive regulation of protein secretion,0.03963155419439608,6,134,147,"['ABCC8', 'ANO1', 'SIRT3', 'PRKCA', 'IL13', 'HLA-DRB1']","[['IEA'], ['IMP', 'IGI'], ['IEA'], ['TAS'], ['IEA'], ['IMP']]"
GO:0021934,hindbrain tangential cell migration,0.03963155419439608,2,134,5,"['PLXNA2', 'EPHB2']","[['IEA'], ['IEA']]"
GO:0080090,regulation of primary metabolic process,0.044969261487970424,51,134,5215,"['TFPI', 'PPP1R12A', 'SPEN', 'ROCK1', 'NEDD4', 'KDM5A', 'NOTCH3', 'ZNF638', 'MYH9', 'TNRC6B', 'NDFIP2', 'FLT1', 'ENG', 'FRK', 'NKTR', 'CCDC88A', 'FN1', 'STK11', 'SLIRP', 'TSHZ3', 'CYREN', 'ZNF835', 'HOXD13', 'CCNT1', 'ZNF331', 'RIDA', 'RNF128', 'ZNF670-ZNF695', 'TGFBRAP1', 'NCBP1', 'HMG20A', 'MED9', 'SIRT3', 'MBIP', 'PRKCA', 'KIT', 'TENT5B', 'ZNF148', 'RNF180', 'RBPMS2', 'ZNF91', 'RNF187', 'IL13', 'CXCL10', 'GPR37', 'P2RY6', 'FOXC2', 'ZNF678', 'ZNF93', 'HLA-DRB1', 'ZNF772']","[['IEA'], ['IDA'], ['IDA', 'IBA'], ['IMP', 'ISS', 'TAS', 'IEA'], ['IDA', 'IMP'], ['IDA', 'IBA', 'IEA'], ['IMP', 'IEA'], ['IBA'], ['ISS', 'IEA'], ['IDA', 'IMP', 'IBA', 'IEA'], ['IMP', 'IBA'], ['IDA'], ['IDA', 'IMP', 'ISS', 'IEA'], ['IDA'], ['IEA'], ['IDA'], ['IDA'], ['IDA', 'IMP'], ['IEA'], ['IDA', 'IBA'], ['IDA', 'IEA'], ['IBA'], ['IMP', 'IBA', 'TAS', 'IEA'], ['IDA', 'IBA', 'TAS', 'IEA'], ['IBA', 'IEA'], ['IDA', 'ISS', 'IBA'], ['IC'], ['IEA'], ['IDA'], ['IDA', 'IMP', 'IBA', 'NAS', 'IEA'], ['NAS', 'IEA'], ['NAS', 'IEA'], ['ISS'], ['IDA', 'IMP', 'ISS'], ['TAS', 'IEA'], ['IMP'], ['IMP', 'IBA'], ['EXP', 'IDA', 'IBA', 'IEA'], ['IBA', 'IEA'], ['ISS', 'IEA'], ['IBA', 'IEA'], ['IMP'], ['IGI'], ['TAS'], ['IEA'], ['IDA', 'TAS'], ['IDA', 'ISS', 'IBA', 'IEA'], ['IBA', 'IEA'], ['IBA', 'IEA'], ['IDA'], ['IBA', 'IEA']]"
GO:0071363,cellular response to growth factor stimulus,0.04828102527983878,13,134,706,"['CFLAR', 'NEDD4', 'FLT1', 'BLOC1S6', 'ENG', 'SHOC2', 'STK11', 'ACVR1C', 'EPHB2', 'TGFBRAP1', 'KIT', 'RBPMS2', 'LRIT3']","[['IEA'], ['ISS'], ['IDA', 'IEA'], ['IEA'], ['IDA', 'TAS'], ['NAS', 'IEA'], ['IMP', 'IEA'], ['IBA', 'IEA'], ['IEA'], ['TAS'], ['IEA'], ['ISS'], ['IDA']]"
GO:0048010,vascular endothelial growth factor receptor signaling pathway,0.04828102527983878,5,134,105,"['NEDD4', 'FLT1', 'EPHB2', 'KIT', 'FOXC2']","[['ISS'], ['IDA', 'IMP', 'IBA', 'IEA'], ['IEA'], ['IEA'], ['IEA']]"
GO:0042060,wound healing,0.04828102527983878,10,134,439,"['CFLAR', 'TFPI', 'MYH9', 'BLOC1S6', 'ENG', 'VWF', 'FN1', 'EPHB2', 'PRKCA', 'FOXC2']","[['ISS'], ['IDA', 'TAS', 'IEA'], ['IDA', 'IMP', 'HMP'], ['IEA'], ['IMP'], ['IDA', 'IMP', 'IBA', 'NAS', 'IEA'], ['IEA'], ['IMP'], ['IDA'], ['ISS', 'IEA']]"
GO:0035295,tube development,0.04828102527983878,17,134,1094,"['ABCC8', 'ROCK1', 'NOTCH3', 'PLXNA2', 'MYH9', 'FLT1', 'BLOC1S6', 'ENG', 'FN1', 'HOXD13', 'EPHB2', 'PRKCA', 'KIT', 'RBPMS2', 'IL13', 'CXCL10', 'FOXC2']","[['IEA'], ['IMP'], ['IEA'], ['IEA'], ['IDA'], ['IMP', 'ISS', 'IBA', 'IEA'], ['IEA'], ['IMP', 'ISS', 'IBA', 'IEA'], ['IEA'], ['IEA'], ['ISS', 'IEA'], ['IMP', 'IEA'], ['ISS', 'IEA'], ['ISS'], ['NAS'], ['IDA', 'IEA'], ['ISS', 'IEA']]"
GO:0007167,enzyme-linked receptor protein signaling pathway,0.04828102527983878,16,134,988,"['NEDD4', 'FLT1', 'ENG', 'SHOC2', 'TNS2', 'FRK', 'CCDC88A', 'STK11', 'ACVR1C', 'IRS4', 'EPHB2', 'TGFBRAP1', 'KIT', 'RBPMS2', 'FOXC2', 'LRIT3']","[['ISS'], ['IDA', 'IMP', 'IBA', 'TAS', 'IEA'], ['IDA', 'IMP', 'TAS'], ['NAS'], ['IDA', 'IBA'], ['IBA'], ['IDA'], ['IMP', 'IEA'], ['IMP', 'IBA', 'IEA'], ['IBA', 'IEA'], ['ISS', 'IBA', 'IEA'], ['TAS'], ['IDA', 'IBA', 'IEA'], ['ISS'], ['IDA', 'IEA'], ['IDA']]"
GO:0009893,positive regulation of metabolic process,0.04828102527983878,37,134,3410,"['ABCC8', 'RB1CC1', 'PPP1R12A', 'ROCK1', 'NEDD4', 'KDM5A', 'NOTCH3', 'MYH9', 'TNRC6B', 'NDFIP2', 'FLT1', 'ENG', 'CCDC88A', 'FN1', 'STK11', 'CYREN', 'HOXD13', 'CCNT1', 'JCHAIN', 'RIDA', 'RNF128', 'EPHB2', 'NCBP1', 'MED9', 'SIRT3', 'MBIP', 'KIT', 'TENT5B', 'ZNF148', 'RNF180', 'RNF187', 'IL13', 'CXCL10', 'GPR37', 'P2RY6', 'FOXC2', 'HLA-DRB1']","[['IEA'], ['ISO', 'IEA'], ['IDA'], ['IMP', 'IGI', 'ISS', 'IEA'], ['IDA'], ['IDA'], ['IMP', 'IEA'], ['ISS', 'IEA'], ['IMP', 'IBA'], ['IMP', 'IBA'], ['IDA'], ['IDA', 'ISS', 'IEA'], ['IDA'], ['IDA'], ['IDA', 'IMP'], ['IEA'], ['IMP', 'IEA'], ['IDA', 'IBA'], ['IDA'], ['IDA'], ['IC'], ['IMP', 'ISS'], ['IMP', 'NAS'], ['NAS'], ['IMP', 'ISS'], ['IDA'], ['IDA', 'IMP', 'ISS', 'IEA'], ['IMP', 'IBA'], ['IEA'], ['IBA', 'IEA'], ['IMP'], ['IGI', 'ISS', 'IBA', 'IEA'], ['TAS'], ['IEA'], ['IDA', 'TAS'], ['IDA', 'ISS', 'IEA'], ['IDA']]"
